timestamp,meal_type,food_consumed,optional_notes
2024-04-01 08:00:00,Breakfast,Scrambled eggs with toast,
2024-04-01 12:30:00,Lunch,Grilled chicken salad,
2024-04-01 18:30:00,Dinner,Spaghetti Bolognese,
2024-04-02 07:30:00,Brunch,Oatmeal with berries,
2024-04-02 12:30:00,Snack,Salad,
2024-04-02 19:00:00,Dinner,Grilled salmon with roasted vegetables,
2024-04-03 07:30:00,Breakfast,Avocado toast with poached eggs,
2024-04-03 13:00:00,Lunch,Quinoa salad with grilled chicken,
2024-04-03 18:45:00,Dinner,Stir-fried tofu with vegetables,
2024-04-04 07:30:00,Brunch,Oatmeal with berries,
2024-04-04 12:45:00,Snack,Almonds,
2024-04-04 19:15:00,Dinner,Grilled salmon with roasted vegetables,
2024-04-05 08:00:00,Breakfast,Bagel with cream cheese and smoked salmon,
2024-04-05 12:45:00,Snack,Almonds,
2024-04-05 18:30:00,Dinner,Shrimp stir-fry with rice,
2024-04-06 07:30:00,Breakfast,Banana smoothie with protein powder,
2024-04-06 12:45:00,Lunch,Turkey wrap with vegetables,
2024-04-06 19:00:00,Dinner,Grilled chicken with quinoa and asparagus,
2024-04-07 08:00:00,Breakfast,Scrambled eggs with tomatoes and feta,
2024-04-07 13:30:00,Lunch,Greek salad with grilled shrimp,
2024-04-07 18:45:00,Dinner,Salmon with roasted potatoes and green beans,
2024-04-08 07:30:00,Brunch,Oatmeal with almond butter and honey,
2024-04-08 13:00:00,Snack,Chips,
2024-04-08 19:30:00,Dinner,Beef stir-fry with broccoli and rice,
2024-04-09 08:00:00,Breakfast,Smoothie with kale banana and almond milk,
2024-04-09 13:15:00,Lunch,Caesar salad with grilled chicken,
2024-04-09 19:00:00,Dinner,Grilled salmon with roasted vegetables,
2024-04-10 07:45:00,Breakfast,Avocado toast with poached eggs,
2024-04-10 13:00:00,Snack,Salad,
2024-04-10 18:30:00,Dinner,Grilled salmon with quinoa and roasted vegetables,
2024-04-11 08:00:00,Breakfast,Avocado toast with poached eggs,
2024-04-11 13:15:00,Lunch,Chicken Caesar salad,
2024-04-11 18:45:00,Dinner,Beef tacos with salsa and guacamole,
2024-04-12 08:15:00,Breakfast,Omelette with mushrooms spinach and cheese,
2024-04-12 13:15:00,Lunch,Turkey and avocado wrap,
2024-04-12 19:00:00,Dinner,Beef tacos with salsa and guacamole,
2024-04-13 08:00:00,Breakfast,Banana smoothie with spinach and almond milk,
2024-04-13 13:15:00,Lunch,Grilled chicken salad,
2024-04-13 18:45:00,Dinner,Grilled salmon with roasted vegetables,
2024-04-14 08:00:00,Breakfast,Scrambled eggs with spinach and tomatoes,
2024-04-14 13:15:00,Lunch,Scrambled eggs with smoked salmon,
2024-04-14 19:00:00,Dinner,Chicken Alfredo pasta,
2024-04-15 07:45:00,Brunch,Oatmeal with berries,
2024-04-15 12:30:00,Snack,Chips,
2024-04-15 18:15:00,Dinner,Beef stir-fry with mixed vegetables,
2024-04-16 08:30:00,Breakfast,Yogurt with granola and mixed berries,
2024-04-16 13:00:00,Lunch,Scrambled eggs with smoked salmon,
2024-04-16 19:30:00,Dinner,Grilled salmon with quinoa and steamed broccoli,
2024-04-17 07:45:00,Breakfast,Avocado toast with poached eggs,
2024-04-17 13:00:00,Lunch,Chicken quesadilla with guacamole,
2024-04-17 18:45:00,Dinner,Spaghetti aglio e olio,
2024-04-18 08:30:00,Breakfast,Banana pancakes with maple syrup,
2024-04-18 13:15:00,Lunch,Thai noodle salad with tofu,
2024-04-18 19:00:00,Dinner,Beef chili with cornbread,
2024-04-19 07:45:00,Breakfast,Bagel with cream cheese and lox,
2024-04-19 13:00:00,Lunch,Mediterranean quinoa salad with grilled chicken,
2024-04-19 18:45:00,Dinner,Stuffed peppers with ground turkey,
2024-04-20 08:00:00,Brunch,Scrambled eggs with smoked salmon,
2024-04-20 13:15:00,Snack,Salad,
2024-04-20 19:00:00,Dinner,Beef stir-fry with bell peppers and rice,
2024-04-21 07:45:00,Breakfast,Blueberry muffin with yogurt,
2024-04-21 13:00:00,Lunch,Turkey and avocado sandwich,
2024-04-21 18:45:00,Dinner,Salmon with sweet potato mash and asparagus,
2024-04-22 08:30:00,Snack,Pizza,
2024-04-22 13:15:00,Snack,Chips,
2024-04-22 19:00:00,Dinner,Beef tacos with salsa and guacamole,
2024-04-23 07:45:00,Breakfast,Smoothie bowl with mixed berries and almond milk,
2024-04-23 13:00:00,Lunch,Caesar salad with grilled shrimp,
2024-04-23 18:45:00,Dinner,Stir-fried tofu with vegetables,
